size,file
8,drift/src/about/about.js
16,drift/src/async/async.js
8,drift/src/clipboard/clipboard.js
24,drift/src/data/data.js
8,drift/src/dataflow/_act.js
8,drift/src/dataflow/_apply.js
8,drift/src/dataflow/_isSignal.js
8,drift/src/dataflow/_lift.js
8,drift/src/dataflow/_link.js
8,drift/src/dataflow/_merge.js
8,drift/src/dataflow/_react.js
8,drift/src/dataflow/_unlink.js
8,drift/src/dataflow/createObservableFunction.js
8,drift/src/dataflow/createSignal.js
8,drift/src/dataflow/createSignals.js
8,drift/src/dataflow/createSlot.js
8,drift/src/dataflow/createSlots.js
8,drift/src/dataflow/dataflow.js
8,drift/src/dataflow/isObservableFunction.js
8,drift/src/dialogs/dialogs.js
8,drift/src/error/error.js
8,drift/src/failure/failure.js
8,drift/src/flow/flow.js
8,drift/src/flowAlertDialog.js
8,drift/src/flowAnalytics.js
8,drift/src/flowApplication.js
8,drift/src/flowApplicationContext.js
8,drift/src/flowAutosave.js
8,drift/src/flowBrowser.js
16,drift/src/flowCell.js
8,drift/src/flowCoffeescript/coalesceScopes.js
8,drift/src/flowCoffeescript/compileCoffeescript.js
8,drift/src/flowCoffeescript/compileJavascript.js
8,drift/src/flowCoffeescript/createGlobalScope.js
8,drift/src/flowCoffeescript/createLocalScope.js
8,drift/src/flowCoffeescript/createRootScope.js
8,drift/src/flowCoffeescript/deleteAstNode.js
8,drift/src/flowCoffeescript/executeJavascript.js
8,drift/src/flowCoffeescript/flowCoffeescript.js
8,drift/src/flowCoffeescript/generateJavascript.js
8,drift/src/flowCoffeescript/identifyDeclarations.js
8,drift/src/flowCoffeescript/isRoutine.js
8,drift/src/flowCoffeescript/parseDeclarations.js
8,drift/src/flowCoffeescript/parseJavascript.js
8,drift/src/flowCoffeescript/print.js
8,drift/src/flowCoffeescript/removeHoistedDeclarations.js
8,drift/src/flowCoffeescript/render.js
8,drift/src/flowCoffeescript/rewriteJavascript.js
8,drift/src/flowCoffeescript/safetyWrapCoffeescript.js
8,drift/src/flowCoffeescript/traverseJavascript.js
8,drift/src/flowCoffeescript/traverseJavascriptScoped.js
8,drift/src/flowConfirmDialog.js
8,drift/src/flowFileOpenDialog.js
8,drift/src/flowFileUploadDialog.js
8,drift/src/flowForm.js
8,drift/src/flowGrowl.js
8,drift/src/flowHeading.js
8,drift/src/flowMarkdown.js
8,drift/src/flowOutline.js
8,drift/src/flowPreludeFunction.js
8,drift/src/flowRaw.js
8,drift/src/flowSandbox.js
8,drift/src/flowSidebar.js
8,drift/src/flowStatus.js
8,drift/src/format/format.js
8,drift/src/gui/gui.js
8,drift/src/h2oApplication.js
8,drift/src/h2oApplicationContext.js
8,drift/src/h2oAssist.js
8,drift/src/h2oAutoModelInput.js
8,drift/src/h2oBindFramesOutput.js
8,drift/src/h2oCancelJobOutput.js
24,drift/src/h2oCloudOutput.js
8,drift/src/h2oColumnSummaryOutput.js
8,drift/src/h2oCreateFrameInput.js
8,drift/src/h2oDataFrameOutput.js
8,drift/src/h2oDataFramesOutput.js
8,drift/src/h2oDeleteObjectsOutput.js
8,drift/src/h2oExportFrameInput.js
8,drift/src/h2oExportFrameOutput.js
8,drift/src/h2oExportModelInput.js
8,drift/src/h2oExportModelOutput.js
8,drift/src/h2oFrameDataOutput.js
16,drift/src/h2oFrameOutput.js
8,drift/src/h2oFramesOutput.js
16,drift/src/h2oGridOutput.js
8,drift/src/h2oGridsOutput.js
8,drift/src/h2oH2OFrameOutput.js
16,drift/src/h2oImportFilesInput.js
8,drift/src/h2oImportFilesOutput.js
8,drift/src/h2oImportModelInput.js
8,drift/src/h2oImportModelOutput.js
8,drift/src/h2oImputeInput/createOptions.js
8,drift/src/h2oImputeInput/h2oImputeInput.js
8,drift/src/h2oInspectOutput.js
8,drift/src/h2oInspectsOutput.js
8,drift/src/h2oJobsOutput.js
8,drift/src/h2oLogFileOutput.js
8,drift/src/h2oMergeFramesInput.js
8,drift/src/h2oMergeFramesOutput.js
8,drift/src/h2oModelInput/createCheckboxControl.js
8,drift/src/h2oModelInput/createControl.js
8,drift/src/h2oModelInput/createControlFromParameter.js
8,drift/src/h2oModelInput/createDropdownControl.js
8,drift/src/h2oModelInput/createGridableValues.js
8,drift/src/h2oModelInput/createListControl/blockSelectionUpdates.js
8,drift/src/h2oModelInput/createListControl/changeSelection.js
8,drift/src/h2oModelInput/createListControl/createEntry.js
16,drift/src/h2oModelInput/createListControl/createListControl.js
8,drift/src/h2oModelInput/createListControl/filterItems.js
8,drift/src/h2oModelInput/createListControl/incrementSelectionCount.js
8,drift/src/h2oModelInput/createTextboxControl.js
8,drift/src/h2oModelInput/h2oModelBuilderForm/collectParameters.js
8,drift/src/h2oModelInput/h2oModelBuilderForm/findControl.js
24,drift/src/h2oModelInput/h2oModelBuilderForm/h2oModelBuilderForm.js
8,drift/src/h2oModelInput/h2oModelBuilderForm/parameterTemplateOf.js
8,drift/src/h2oModelInput/h2oModelBuilderForm/performValidations.js
8,drift/src/h2oModelInput/h2oModelInput.js
8,drift/src/h2oModelInput/populateFramesAndColumns.js
72,drift/src/h2oModelOutput.js
16,drift/src/h2oModelsOutput.js
8,drift/src/h2oNetworkTestOutput.js
8,drift/src/h2oNoAssist.js
24,drift/src/h2oPartialDependenceInput.js
8,drift/src/h2oPartialDependenceOutput.js
8,drift/src/h2oPlotInput.js
8,drift/src/h2oPlotOutput.js
16,drift/src/h2oPredictInput.js
8,drift/src/h2oPredictOutput.js
16,drift/src/h2oPredictsOutput.js
8,drift/src/h2oProfileOutput.js
8,drift/src/h2oProxy/cacheModelBuilders.js
8,drift/src/h2oProxy/composePath.js
8,drift/src/h2oProxy/deleteAllRequest.js
8,drift/src/h2oProxy/deleteModelRequest.js
8,drift/src/h2oProxy/deleteObjectRequest.js
8,drift/src/h2oProxy/doDelete.js
8,drift/src/h2oProxy/doGet.js
8,drift/src/h2oProxy/doPost.js
8,drift/src/h2oProxy/doPostJSON.js
8,drift/src/h2oProxy/doPut.js
8,drift/src/h2oProxy/doUpload.js
8,drift/src/h2oProxy/download.js
8,drift/src/h2oProxy/encodeArrayForPost.js
8,drift/src/h2oProxy/encodeObject.js
8,drift/src/h2oProxy/encodeObjectForPost.js
8,drift/src/h2oProxy/getAboutRequest.js
8,drift/src/h2oProxy/getCloudRequest.js
8,drift/src/h2oProxy/getColumnSummaryRequest.js
8,drift/src/h2oProxy/getDataFramesRequest.js
8,drift/src/h2oProxy/getEndpointRequest.js
8,drift/src/h2oProxy/getEndpointsRequest.js
8,drift/src/h2oProxy/getExportModelRequest.js
8,drift/src/h2oProxy/getFrameSummarySliceRequest.js
8,drift/src/h2oProxy/getGridRequest.js
8,drift/src/h2oProxy/getGridsRequest.js
8,drift/src/h2oProxy/getIsStorageConfiguredRequest.js
8,drift/src/h2oProxy/getJobRequest.js
8,drift/src/h2oProxy/getJobsRequest.js
8,drift/src/h2oProxy/getLines.js
8,drift/src/h2oProxy/getLogFileRequest.js
8,drift/src/h2oProxy/getModelBuilderRequest.js
8,drift/src/h2oProxy/getModelBuildersVisibilityRequest.js
8,drift/src/h2oProxy/getModelRequest.js
8,drift/src/h2oProxy/getModelsRequest.js
8,drift/src/h2oProxy/getNetworkTestRequest.js
8,drift/src/h2oProxy/getObjectExistsRequest.js
8,drift/src/h2oProxy/getObjectRequest.js
8,drift/src/h2oProxy/getObjectsRequest.js
8,drift/src/h2oProxy/getPredictionRequest.js
8,drift/src/h2oProxy/getPredictionsRequest.js
8,drift/src/h2oProxy/getProfileRequest.js
8,drift/src/h2oProxy/getRDDsRequest.js
8,drift/src/h2oProxy/getSchemaRequest.js
8,drift/src/h2oProxy/getSchemasRequest.js
8,drift/src/h2oProxy/getStackTraceRequest.js
8,drift/src/h2oProxy/getTimelineRequest.js
8,drift/src/h2oProxy/h2oProxy.js
8,drift/src/h2oProxy/http.js
8,drift/src/h2oProxy/mapWithKey.js
8,drift/src/h2oProxy/optsToString.js
8,drift/src/h2oProxy/postAsDataFrameRequest.js
8,drift/src/h2oProxy/postAsH2OFrameFromDFRequest.js
8,drift/src/h2oProxy/postAsH2OFrameFromRDDRequest.js
8,drift/src/h2oProxy/postAutoModelBuildRequest.js
8,drift/src/h2oProxy/postCancelJobRequest.js
8,drift/src/h2oProxy/postCreateFrameRequest.js
8,drift/src/h2oProxy/postEchoRequest.js
8,drift/src/h2oProxy/postExportFrameRequest.js
8,drift/src/h2oProxy/postImportModelRequest.js
8,drift/src/h2oProxy/postModelBuildRequest.js
8,drift/src/h2oProxy/postModelInputValidationRequest.js
8,drift/src/h2oProxy/postParseFilesRequest.js
8,drift/src/h2oProxy/postParseSetupPreviewRequest.js
8,drift/src/h2oProxy/postParseSetupRequest.js
8,drift/src/h2oProxy/postPartialDependenceDataRequest.js
8,drift/src/h2oProxy/postPartialDependenceRequest.js
8,drift/src/h2oProxy/postPredictRequest.js
8,drift/src/h2oProxy/postPutObjectRequest.js
8,drift/src/h2oProxy/postScalaCodeRequest.js
8,drift/src/h2oProxy/postScalaIntpRequest.js
8,drift/src/h2oProxy/postShutdownRequest.js
8,drift/src/h2oProxy/postUploadFileRequest.js
8,drift/src/h2oProxy/postUploadObjectRequest.js
8,drift/src/h2oProxy/requestDeleteFrame.js
8,drift/src/h2oProxy/requestExec.js
8,drift/src/h2oProxy/requestFileGlob.js
8,drift/src/h2oProxy/requestFlow.js
8,drift/src/h2oProxy/requestFrame.js
8,drift/src/h2oProxy/requestFrames.js
8,drift/src/h2oProxy/requestFrameSlice.js
8,drift/src/h2oProxy/requestFrameSummary.js
8,drift/src/h2oProxy/requestFrameSummaryWithoutData.js
8,drift/src/h2oProxy/requestHelpContent.js
8,drift/src/h2oProxy/requestHelpIndex.js
8,drift/src/h2oProxy/requestInspect.js
8,drift/src/h2oProxy/requestModelBuilders.js
8,drift/src/h2oProxy/requestPack.js
8,drift/src/h2oProxy/requestPacks.js
8,drift/src/h2oProxy/requestPojoPreview.js
8,drift/src/h2oProxy/requestSplitFrame.js
8,drift/src/h2oProxy/requestWithOpts.js
8,drift/src/h2oProxy/trackPath.js
8,drift/src/h2oProxy/unwrap.js
8,drift/src/h2oRDDsOutput.js
8,drift/src/h2oScalaCodeOutput.js
8,drift/src/h2oScalaIntpOutput.js
16,drift/src/h2oSplitFrameInput.js
8,drift/src/h2oSplitFrameOutput.js
8,drift/src/h2oStackTraceOutput.js
8,drift/src/h2oTimelineOutput.js
32,drift/src/help/help.js
8,drift/src/html/html.js
8,drift/src/index.js
8,drift/src/jobOutput/cancel.js
8,drift/src/jobOutput/canView.js
8,drift/src/jobOutput/getJobOutputStatusColor.js
8,drift/src/jobOutput/getJobProgressPercent.js
8,drift/src/jobOutput/h2oJobOutput.js
8,drift/src/jobOutput/initialize.js
8,drift/src/jobOutput/isJobRunning.js
8,drift/src/jobOutput/jobOutputStatusColors.js
8,drift/src/jobOutput/refresh.js
8,drift/src/jobOutput/updateJob.js
8,drift/src/jobOutput/view.js
24,drift/src/knockout/knockout.js
8,drift/src/localStorage/localStorage.js
8,drift/src/notebook/_initializeInterpreter.js
8,drift/src/notebook/checkConsistency.js
8,drift/src/notebook/cloneCell.js
8,drift/src/notebook/convertCellToCode.js
8,drift/src/notebook/convertCellToHeading.js
8,drift/src/notebook/convertCellToMarkdown.js
8,drift/src/notebook/convertCellToRaw.js
8,drift/src/notebook/convertCellToScala.js
8,drift/src/notebook/copyCell.js
8,drift/src/notebook/createCell.js
8,drift/src/notebook/cutCell.js
8,drift/src/notebook/deleteCell.js
8,drift/src/notebook/deserialize.js
8,drift/src/notebook/flowRenderers.js
72,drift/src/notebook/notebook.js
8,drift/src/notebook/removeCell.js
8,drift/src/notebook/selectCell.js
8,drift/src/notebook/serialize.js
8,drift/src/notebook/switchToCommandMode.js
8,drift/src/notebook/switchToEditMode.js
8,drift/src/objectBrowser/objectBrowser.js
8,drift/src/parseInput/_columnsAccessorFunction.js
8,drift/src/parseInput/createDelimiter.js
8,drift/src/parseInput/dataTypes.js
8,drift/src/parseInput/filterColumns.js
8,drift/src/parseInput/goToNextPage.js
8,drift/src/parseInput/goToPreviousPage.js
16,drift/src/parseInput/h2oSetupParseOutput.js
8,drift/src/parseInput/makePage.js
8,drift/src/parseInput/parseFiles.js
8,drift/src/parseInput/parseTypesArray.js
8,drift/src/parseInput/refreshPreview.js
8,drift/src/parseInput/whitespaceSeparators.js
8,drift/src/routines/_apply.js
8,drift/src/routines/_assistance.js
8,drift/src/routines/_call.js
8,drift/src/routines/_fork.js
8,drift/src/routines/_join.js
8,drift/src/routines/_plot.js
8,drift/src/routines/_schemaHacks.js
8,drift/src/routines/blacklistedAttributesBySchema.js
8,drift/src/routines/combineTables.js
8,drift/src/routines/computeFalsePositiveRate.js
8,drift/src/routines/computeSplits.js
8,drift/src/routines/computeTruePositiveRate.js
8,drift/src/routines/concatArrays.js
8,drift/src/routines/convertColumnToVector.js
8,drift/src/routines/convertTableToFrame.js
8,drift/src/routines/createArrays.js
8,drift/src/routines/createGui.js
8,drift/src/routines/createPlot.js
8,drift/src/routines/createTempKey.js
8,drift/src/routines/deleteAll.js
8,drift/src/routines/extendBindFrames.js
8,drift/src/routines/extendCancelJob.js
8,drift/src/routines/extendCloud.js
24,drift/src/routines/extendColumnSummary.js
8,drift/src/routines/extendDeletedKeys.js
8,drift/src/routines/extendExportFrame.js
8,drift/src/routines/extendExportModel.js
8,drift/src/routines/extendFrame.js
8,drift/src/routines/extendFrameData.js
8,drift/src/routines/extendFrames.js
8,drift/src/routines/extendFrameSummary.js
8,drift/src/routines/extendGrids.js
8,drift/src/routines/extendGuiForm.js
8,drift/src/routines/extendImportModel.js
8,drift/src/routines/extendImportResults.js
8,drift/src/routines/extendJob.js
8,drift/src/routines/extendJobs.js
8,drift/src/routines/extendLogFile.js
8,drift/src/routines/extendMergeFramesResult.js
8,drift/src/routines/extendModel.js
8,drift/src/routines/extendModels.js
8,drift/src/routines/extendNetworkTest.js
8,drift/src/routines/extendParseResult.js
8,drift/src/routines/extendParseSetupResults.js
8,drift/src/routines/extendPartialDependence.js
8,drift/src/routines/extendPlot.js
8,drift/src/routines/extendPrediction.js
8,drift/src/routines/extendProfile.js
8,drift/src/routines/extendSplitFrameResult.js
8,drift/src/routines/extendStackTrace.js
8,drift/src/routines/extendTimeline.js
8,drift/src/routines/findColumnIndexByColumnLabel.js
8,drift/src/routines/findColumnIndicesByColumnLabels.js
8,drift/src/routines/flow_.js
8,drift/src/routines/format4f.js
8,drift/src/routines/format6fi.js
8,drift/src/routines/formatConfusionMatrix.js
8,drift/src/routines/formulateGetPredictionsOrigin.js
8,drift/src/routines/getCloud.js
8,drift/src/routines/getFrames.js
8,drift/src/routines/getGrids.js
8,drift/src/routines/getJobs.js
8,drift/src/routines/getModelParameterValue.js
8,drift/src/routines/getStackTrace.js
8,drift/src/routines/getTimeline.js
8,drift/src/routines/getTwoDimData.js
8,drift/src/routines/gui.js
8,drift/src/routines/inspect_.js
16,drift/src/routines/inspectFrameColumns.js
8,drift/src/routines/inspectFrameData.js
8,drift/src/routines/inspectModelParameters.js
8,drift/src/routines/inspectNetworkTestResult.js
8,drift/src/routines/inspectObject.js
8,drift/src/routines/inspectObjectArray_.js
8,drift/src/routines/inspectParametersAcrossModels.js
8,drift/src/routines/inspectRawArray_.js
8,drift/src/routines/inspectRawObject_.js
8,drift/src/routines/inspectTwoDimTable_.js
8,drift/src/routines/ls.js
8,drift/src/routines/parseAndFormatArray.js
8,drift/src/routines/parseAndFormatObjectArray.js
8,drift/src/routines/parseNaNs.js
8,drift/src/routines/parseNulls.js
8,drift/src/routines/parseNumbers.js
8,drift/src/routines/proceed.js
8,drift/src/routines/read.js
8,drift/src/routines/render_.js
8,drift/src/routines/repeatValues.js
8,drift/src/routines/requestAutoModelBuild.js
8,drift/src/routines/requestBindFrames.js
8,drift/src/routines/requestCancelJob.js
8,drift/src/routines/requestChangeColumnType.js
8,drift/src/routines/requestCloud.js
8,drift/src/routines/requestColumnSummary.js
8,drift/src/routines/requestCreateFrame.js
8,drift/src/routines/requestDeleteFrame.js
8,drift/src/routines/requestDeleteFrames.js
8,drift/src/routines/requestDeleteModel.js
8,drift/src/routines/requestDeleteModels.js
8,drift/src/routines/requestExportFrame.js
8,drift/src/routines/requestExportModel.js
8,drift/src/routines/requestFrame.js
8,drift/src/routines/requestFrameData.js
8,drift/src/routines/requestFrames.js
8,drift/src/routines/requestFrameSummary.js
8,drift/src/routines/requestFrameSummarySlice.js
8,drift/src/routines/requestGrids.js
8,drift/src/routines/requestImportAndParseFiles.js
8,drift/src/routines/requestImportAndParseSetup.js
8,drift/src/routines/requestImportModel.js
8,drift/src/routines/requestImputeColumn.js
8,drift/src/routines/requestJob.js
8,drift/src/routines/requestJobs.js
8,drift/src/routines/requestLogFile.js
8,drift/src/routines/requestMergeFrames.js
8,drift/src/routines/requestModel.js
8,drift/src/routines/requestModelBuild.js
8,drift/src/routines/requestModels.js
8,drift/src/routines/requestModelsByKeys.js
8,drift/src/routines/requestNetworkTest.js
8,drift/src/routines/requestParseFiles.js
8,drift/src/routines/requestParseSetup.js
8,drift/src/routines/requestPartialDependence.js
8,drift/src/routines/requestPartialDependenceData.js
8,drift/src/routines/requestPredict.js
8,drift/src/routines/requestPrediction.js
8,drift/src/routines/requestProfile.js
8,drift/src/routines/requestRemoveAll.js
8,drift/src/routines/requestSplitFrame.js
8,drift/src/routines/requestStackTrace.js
8,drift/src/routines/requestTimeline.js
72,drift/src/routines/routines.js
8,drift/src/routines/schemaTransforms.js
8,drift/src/routines/testNetwork.js
8,drift/src/routines/transformBinomialMetrics.js
8,drift/src/routines/unwrapPrediction.js
8,drift/src/routinesThatAcceptUnderbarParameter.js
8,drift/src/utils/describeCount.js
8,drift/src/utils/format1d0.js
8,drift/src/utils/formatBytes.js
8,drift/src/utils/formatClockTime.js
8,drift/src/utils/formatElapsedTime.js
8,drift/src/utils/formatMilliseconds.js
8,drift/src/utils/fromNow.js
8,drift/src/utils/getFileBaseName.js
8,drift/src/utils/highlight.js
8,drift/src/utils/multilineTextToHTML.js
8,drift/src/utils/padTime.js
8,drift/src/utils/sanitizeName.js
8,drift/src/utils/splitTime.js
8,drift/src/utils/uuid.js
8,drift/src/utils/validateFileExtension.js
